{
	"Employee": [
		{
		"Employee": "David Bradley",
		"ProductName": "ASP.NET Core",
		"ResolvedTime (Sum)": 64,
		"IssueType": "Critical"
		},
		{
		"Employee": "David Bradley",
		"ProductName": "ASP.NET Core",
		"ResolvedTime (Sum)": 2166,
		"IssueType": "Normal"
		},
		{
		"Employee": "David Bradley",
		"ProductName": "ASP.NET Core",
		"ResolvedTime (Sum)": 254,
		"IssueType": "Urgent"
		},
		{
		"Employee": "Gail Erickson",
		"ProductName": "ASP.NET Core",
		"ResolvedTime (Sum)": 56,
		"IssueType": "Critical"
		},
		{
		"Employee": "Gail Erickson",
		"ProductName": "ASP.NET Core",
		"ResolvedTime (Sum)": 2321,
		"IssueType": "Normal"
		},
		{
		"Employee": "Gail Erickson",
		"ProductName": "ASP.NET Core",
		"ResolvedTime (Sum)": 386,
		"IssueType": "Urgent"
		},
		{
		"Employee": "Jossef Goldberg",
		"ProductName": "ASP.NET Core",
		"ResolvedTime (Sum)": 30,
		"IssueType": "Critical"
		},
		{
		"Employee": "Jossef Goldberg",
		"ProductName": "ASP.NET Core",
		"ResolvedTime (Sum)": 2425,
		"IssueType": "Normal"
		},
		{
		"Employee": "Jossef Goldberg",
		"ProductName": "ASP.NET Core",
		"ResolvedTime (Sum)": 285,
		"IssueType": "Urgent"
		},
		{
		"Employee": "Kevin Brown",
		"ProductName": "WinForms",
		"ResolvedTime (Sum)": 91,
		"IssueType": "Critical"
		},
		{
		"Employee": "Kevin Brown",
		"ProductName": "WinForms",
		"ResolvedTime (Sum)": 2296,
		"IssueType": "Normal"
		},
		{
		"Employee": "Kevin Brown",
		"ProductName": "WinForms",
		"ResolvedTime (Sum)": 239,
		"IssueType": "Urgent"
		},
		{
		"Employee": "Kim Ralls",
		"ProductName": "Blazor",
		"ResolvedTime (Sum)": 104,
		"IssueType": "Critical"
		},
		{
		"Employee": "Kim Ralls",
		"ProductName": "Blazor",
		"ResolvedTime (Sum)": 2021,
		"IssueType": "Normal"
		},
		{
		"Employee": "Kim Ralls",
		"ProductName": "Blazor",
		"ResolvedTime (Sum)": 433,
		"IssueType": "Urgent"
		},
		{
		"Employee": "Peng Wu",
		"ProductName": "Mobile",
		"ResolvedTime (Sum)": 82,
		"IssueType": "Critical"
		},
		{
		"Employee": "Peng Wu",
		"ProductName": "Mobile",
		"ResolvedTime (Sum)": 2092,
		"IssueType": "Normal"
		},
		{
		"Employee": "Peng Wu",
		"ProductName": "Mobile",
		"ResolvedTime (Sum)": 319,
		"IssueType": "Urgent"
		},
		{
		"Employee": "Rob Walters",
		"ProductName": "WinForms",
		"ResolvedTime (Sum)": 89,
		"IssueType": "Critical"
		},
		{
		"Employee": "Rob Walters",
		"ProductName": "WinForms",
		"ResolvedTime (Sum)": 2207,
		"IssueType": "Normal"
		},
		{
		"Employee": "Rob Walters",
		"ProductName": "WinForms",
		"ResolvedTime (Sum)": 231,
		"IssueType": "Urgent"
		},
		{
		"Employee": "Roberto Tamburello",
		"ProductName": "WinForms",
		"ResolvedTime (Sum)": 140,
		"IssueType": "Critical"
		},
		{
		"Employee": "Roberto Tamburello",
		"ProductName": "WinForms",
		"ResolvedTime (Sum)": 2096,
		"IssueType": "Normal"
		},
		{
		"Employee": "Roberto Tamburello",
		"ProductName": "WinForms",
		"ResolvedTime (Sum)": 250,
		"IssueType": "Urgent"
		},
		{
		"Employee": "Sariya Harnpadoungsataya",
		"ProductName": "WPF",
		"ResolvedTime (Sum)": 62,
		"IssueType": "Critical"
		},
		{
		"Employee": "Sariya Harnpadoungsataya",
		"ProductName": "WPF",
		"ResolvedTime (Sum)": 2485,
		"IssueType": "Normal"
		},
		{
		"Employee": "Sariya Harnpadoungsataya",
		"ProductName": "WPF",
		"ResolvedTime (Sum)": 397,
		"IssueType": "Urgent"
		},
		{
		"Employee": "Sean Alexander",
		"ProductName": "ASP.NET MVC",
		"ResolvedTime (Sum)": 29,
		"IssueType": "Critical"
		},
		{
		"Employee": "Sean Alexander",
		"ProductName": "ASP.NET MVC",
		"ResolvedTime (Sum)": 2564,
		"IssueType": "Normal"
		},
		{
		"Employee": "Sean Alexander",
		"ProductName": "ASP.NET MVC",
		"ResolvedTime (Sum)": 189,
		"IssueType": "Urgent"
		},
		{
		"Employee": "Susan Eaton",
		"ProductName": "Mobile",
		"ResolvedTime (Sum)": 91,
		"IssueType": "Critical"
		},
		{
		"Employee": "Susan Eaton",
		"ProductName": "Mobile",
		"ResolvedTime (Sum)": 2314,
		"IssueType": "Normal"
		},
		{
		"Employee": "Susan Eaton",
		"ProductName": "Mobile",
		"ResolvedTime (Sum)": 317,
		"IssueType": "Urgent"
		},
		{
		"Employee": "Tengiz Kharatishvili",
		"ProductName": "WPF",
		"ResolvedTime (Sum)": 46,
		"IssueType": "Critical"
		},
		{
		"Employee": "Tengiz Kharatishvili",
		"ProductName": "WPF",
		"ResolvedTime (Sum)": 2210,
		"IssueType": "Normal"
		},
		{
		"Employee": "Tengiz Kharatishvili",
		"ProductName": "WPF",
		"ResolvedTime (Sum)": 212,
		"IssueType": "Urgent"
		},
		{
		"Employee": "Terri Duffy",
		"ProductName": "ASP.NET Core",
		"ResolvedTime (Sum)": 46,
		"IssueType": "Critical"
		},
		{
		"Employee": "Terri Duffy",
		"ProductName": "ASP.NET Core",
		"ResolvedTime (Sum)": 2165,
		"IssueType": "Normal"
		},
		{
		"Employee": "Terri Duffy",
		"ProductName": "ASP.NET Core",
		"ResolvedTime (Sum)": 358,
		"IssueType": "Urgent"
		},
		{
		"Employee": "Thierry D'Hers",
		"ProductName": "WinForms",
		"ResolvedTime (Sum)": 105,
		"IssueType": "Critical"
		},
		{
		"Employee": "Thierry D'Hers",
		"ProductName": "WinForms",
		"ResolvedTime (Sum)": 2129,
		"IssueType": "Normal"
		},
		{
		"Employee": "Thierry D'Hers",
		"ProductName": "WinForms",
		"ResolvedTime (Sum)": 309,
		"IssueType": "Urgent"
		},
		{
		"Employee": "Vamsi Kuppa",
		"ProductName": "Mobile",
		"ResolvedTime (Sum)": 39,
		"IssueType": "Critical"
		},
		{
		"Employee": "Vamsi Kuppa",
		"ProductName": "Mobile",
		"ResolvedTime (Sum)": 2208,
		"IssueType": "Normal"
		},
		{
		"Employee": "Vamsi Kuppa",
		"ProductName": "Mobile",
		"ResolvedTime (Sum)": 270,
		"IssueType": "Urgent"
		}
	]
}