﻿<?xml version="1.0" encoding="utf-8"?>
<Dashboard>
  <Title Text="Dashboard 1" />
  <DataSources>
    <JsonDataSource Name="JSON Data DASHBOARD1" ConnectionName="JSON Connection DASHBOARD1" RootElement="Customers" ComponentName="jsonDataSource1">
      <Schema>
        <Node Name="root" Type="System.Object" Selected="false" NodeType="Object">
          <Node Name="Customers" Selected="true" NodeType="Array">
            <Node Name="Address" Type="System.String" Selected="true" NodeType="Property" />
            <Node Name="City" Type="System.String" Selected="true" NodeType="Property" />
            <Node Name="CompanyName" Type="System.String" Selected="true" NodeType="Property" />
            <Node Name="ContactName" Type="System.String" Selected="true" NodeType="Property" />
            <Node Name="ContactTitle" Type="System.String" Selected="true" NodeType="Property" />
            <Node Name="Country" Type="System.String" Selected="true" NodeType="Property" />
            <Node Name="Fax" Type="System.String" Selected="true" NodeType="Property" />
            <Node Name="Id" Type="System.String" Selected="true" NodeType="Property" />
            <Node Name="Phone" Type="System.String" Selected="true" NodeType="Property" />
            <Node Name="PostalCode" Type="System.String" Selected="true" NodeType="Property" />
            <Node Name="Region" Type="System.String" Selected="true" NodeType="Property" />
          </Node>
        </Node>
      </Schema>
    </JsonDataSource>
    <JsonDataSource Name="JSON Data DASHBOARD2" ConnectionName="JSON Connection DASHBOARD2" RootElement="Customers" ComponentName="jsonDataSource2">
      <Schema>
        <Node Name="root" Type="System.Object" Selected="false" NodeType="Object">
          <Node Name="Customers" Selected="true" NodeType="Array">
            <Node Name="Address" Type="System.String" Selected="true" NodeType="Property" />
            <Node Name="City" Type="System.String" Selected="true" NodeType="Property" />
            <Node Name="CompanyName" Type="System.String" Selected="true" NodeType="Property" />
            <Node Name="ContactName" Type="System.String" Selected="true" NodeType="Property" />
            <Node Name="ContactTitle" Type="System.String" Selected="true" NodeType="Property" />
            <Node Name="Country" Type="System.String" Selected="true" NodeType="Property" />
            <Node Name="Fax" Type="System.String" Selected="true" NodeType="Property" />
            <Node Name="Id" Type="System.String" Selected="true" NodeType="Property" />
            <Node Name="Phone" Type="System.String" Selected="true" NodeType="Property" />
            <Node Name="PostalCode" Type="System.String" Selected="true" NodeType="Property" />
            <Node Name="Region" Type="System.String" Selected="true" NodeType="Property" />
          </Node>
        </Node>
      </Schema>
    </JsonDataSource>
  </DataSources>
  <Items>
    <Grid ComponentName="gridDashboardItem1" Name="Grid DASHBOARD1" DataSource="jsonDataSource1">
      <DataItems>
        <Dimension DataMember="Id" DefaultId="DataItem0" />
        <Dimension DataMember="CompanyName" DefaultId="DataItem1" />
        <Dimension DataMember="ContactName" DefaultId="DataItem2" />
        <Dimension DataMember="ContactTitle" DefaultId="DataItem3" />
        <Dimension DataMember="Country" DefaultId="DataItem4" />
      </DataItems>
      <GridColumns>
        <GridDimensionColumn>
          <Dimension DefaultId="DataItem0" />
        </GridDimensionColumn>
        <GridDimensionColumn>
          <Dimension DefaultId="DataItem1" />
        </GridDimensionColumn>
        <GridDimensionColumn>
          <Dimension DefaultId="DataItem2" />
        </GridDimensionColumn>
        <GridDimensionColumn>
          <Dimension DefaultId="DataItem3" />
        </GridDimensionColumn>
        <GridDimensionColumn>
          <Dimension DefaultId="DataItem4" />
        </GridDimensionColumn>
      </GridColumns>
      <GridOptions />
    </Grid>
    <Grid ComponentName="gridDashboardItem2" Name="Grid 1" DataSource="jsonDataSource2">
      <DataItems>
        <Dimension DataMember="Id" DefaultId="DataItem0" />
        <Dimension DataMember="CompanyName" DefaultId="DataItem1" />
        <Dimension DataMember="ContactName" DefaultId="DataItem2" />
        <Dimension DataMember="ContactTitle" DefaultId="DataItem3" />
        <Dimension DataMember="Country" DefaultId="DataItem4" />
      </DataItems>
      <GridColumns>
        <GridDimensionColumn>
          <Dimension DefaultId="DataItem0" />
        </GridDimensionColumn>
        <GridDimensionColumn>
          <Dimension DefaultId="DataItem1" />
        </GridDimensionColumn>
        <GridDimensionColumn>
          <Dimension DefaultId="DataItem2" />
        </GridDimensionColumn>
        <GridDimensionColumn>
          <Dimension DefaultId="DataItem3" />
        </GridDimensionColumn>
        <GridDimensionColumn>
          <Dimension DefaultId="DataItem4" />
        </GridDimensionColumn>
      </GridColumns>
      <GridOptions />
    </Grid>
  </Items>
  <LayoutTree>
    <LayoutGroup>
      <LayoutGroup Orientation="Vertical">
        <LayoutItem DashboardItem="gridDashboardItem1" />
        <LayoutItem DashboardItem="gridDashboardItem2" />
      </LayoutGroup>
    </LayoutGroup>
  </LayoutTree>
</Dashboard>