﻿<?xml version="1.0" encoding="utf-8"?>
<Dashboard>
  <Title Text="New Dashboard" />
  <DataSources>
    <JsonDataSource Name="JSON Data Source" ConnectionName="_view_ConsultaLotes" ComponentName="jsonDataSource1">
      <Schema>
        <Node Name="root" Selected="true" NodeType="Array">
          <Node Name="_agendamento" Type="System.Object" Selected="true" NodeType="Property" />
          <Node Name="_autorizacaoautomatica" Type="System.Nullable`1[System.Int64]" Selected="true" NodeType="Property" />
          <Node Name="_autorizacaodata" Type="System.Object" Selected="true" NodeType="Property" />
          <Node Name="_autorizacaofuncionarionome" Type="System.Object" Selected="true" NodeType="Property" />
          <Node Name="_credornome" Type="System.Object" Selected="true" NodeType="Property" />
          <Node Name="_data" Type="System.Nullable`1[System.DateTime]" Selected="true" NodeType="Property" />
          <Node Name="_datainclusao" Type="System.String" Selected="true" NodeType="Property" />
          <Node Name="_descricao" Type="System.String" Selected="true" NodeType="Property" />
          <Node Name="_funcionarionome" Type="System.String" Selected="true" NodeType="Property" />
          <Node Name="_grupo" Type="System.Object" Selected="true" NodeType="Property" />
          <Node Name="_iscancelado" Type="System.Object" Selected="true" NodeType="Property" />
          <Node Name="_liberado" Type="System.Object" Selected="true" NodeType="Property" />
          <Node Name="_lotecodigo" Type="System.Nullable`1[System.Int64]" Selected="true" NodeType="Property" />
          <Node Name="_loteid" Type="System.String" Selected="true" NodeType="Property" />
          <Node Name="_loteprocessamentoid" Type="System.String" Selected="true" NodeType="Property" />
          <Node Name="_observacoes" Type="System.String" Selected="true" NodeType="Property" />
          <Node Name="_observacoeserro" Type="System.Object" Selected="true" NodeType="Property" />
          <Node Name="_processamentocomerro" Type="System.Object" Selected="true" NodeType="Property" />
          <Node Name="_processamentofim" Type="System.Object" Selected="true" NodeType="Property" />
          <Node Name="_processamentoinicio" Type="System.Object" Selected="true" NodeType="Property" />
          <Node Name="_qtdlote" Type="System.Nullable`1[System.Int64]" Selected="true" NodeType="Property" />
          <Node Name="_statusprocessamento" Type="System.Object" Selected="true" NodeType="Property" />
          <Node Name="_tipoprocessamentocodigo" Type="System.Nullable`1[System.Int64]" Selected="true" NodeType="Property" />
          <Node Name="_tipoprocessamentodescricao" Type="System.String" Selected="true" NodeType="Property" />
        </Node>
      </Schema>
    </JsonDataSource>
  </DataSources>
</Dashboard>